page,electoral_district,locality,venue_type,entry_raw
1,Unknown,among,Other,"Wes by the Legislature Act, 1908, it is, among"
1,Unknown,enacted that the Governor-General may,Other,"other things, enacted that the Governor-General may"
1,Unknown,and abolish polling-places,Other,"from time to time appoint, alter, and abolish polling-places"
1,Unknown,and do here,Other,"various electoral districts in the said Dominion, and do here"
1,Bay Of Islands,Kawakawa,Council Chambers,"The County Council Chambers, Kawakawa (principal)"
1,Bay Of Islands,Russell,Courthouse,"The Courthouse, Russell"
1,Bay Of Islands,Towai,Public Hall,"The Public Hall, Towai"
1,Bay Of Islands,Tapuhi,Public Hall,"The Public Hall, Tapuhi"
1,Bay Of Islands,Ohacawai,Public Hall,"The Public Hall, Ohacawai"
1,Bay Of Islands,Okaihau,Other,"The Public Hail, Okaihau"
1,Bay Of Islands,Hukerenui,Public School,"The Public School, Hukerenui"
1,Bay Of Islands,Whakapara,Public Hall,"The Public Hall, Whakapara"
1,Bay Of Islands,Hikurangi,Public School,"The Public School, Hikurangi"
1,Bay Of Islands,Kaeo,Public Hall,"The Public Hall, Kaeo"
1,Bay Of Islands,Whangaroa,Courthouse,"The Courthouse, Whangaroa"
1,Bay Of Islands,Mangonui,Courthouse,"The Courthouse, Mangonui"
1,Bay Of Islands,Oruru,Other,"The Peria Hal), Oruru"
1,Bay Of Islands,Fairburn’s,Public School,"The Public School, Fairburn’s"
1,Bay Of Islands,Awanui,Public Hall,"The Public Hall, Awanui"
1,Bay Of Islands,Kaitaia,Library,"The Public Library, Kaitaia"
1,Bay Of Islands,Ahipara,Courthouse,"The Courthouse, Ahipara"
1,Bay Of Islands,Hohoura,Public Hall,"The Public Hall, Hohoura"
1,Bay Of Islands,Waihopo,Other,"The Foresters’ Hall, Waihopo"
1,Bay Of Islands,Kohukohu,Courthouse,"The Courthouse, Kohukohu"
1,Bay Of Islands,Rawene,Courthouse,"The Courthouse, Rawene"
1,Bay Of Islands,Taheke,Public Hall,"The Public Hall, Taheke"
1,Bay Of Islands,Broadwood,Public Hall,"The Public Hall, Broadwood"
1,Bay Of Islands,Omapere,Public Hall,"The Public Hall, Omapere"
1,Bay Of Islands,Waimamaku,Public Hall,"The Public Hall, Waimamaku"
1,Bay Of Islands,Whangape,Other,"The Company’s Office, Whangape"
1,Bay Of Islands,Herekino,Public Hall,"The Public Hall, Herekino"
1,Marsden,Whangarei,Town Hall,"The Town Hall, Whangarei (principal)"
1,Marsden,Kamo,Public School,"The Public School, Kamo"
1,Marsden,Kiripaka,Public School,"The Public School, Kiripaka"
1,Marsden,Whareora,Public Hall,"The Public Hall, Whareora"
1,Marsden,Parua Bay,Public Hall,"The Public Hall, Parua Bay"
1,Marsden,Onerahi,Public Hall,"The Public Hall, Onerahi"
1,Marsden,Mangapai,Public School,"The Public School, Mangapai"
1,Marsden,Otaika,Public School,"The Public School, Otaika"
1,Marsden,Maunu,Public School,"The Public School, Maunu"
1,Marsden,Kara,School,"The Publhc School, Kara"
1,Marsden,Poroti,Public School,"The Public School, Poroti"
1,Marsden,Waikiekie,Public School,"The Public School, Waikiekie"
1,Marsden,Mareretu,Public School,"The Public School, Mareretu"
1,Marsden,Ruakaka,Public Hall,"The Public Hall, Ruakaka"
1,Marsden,Waipu,Courthouse,"The Courthouse, Waipu"
1,Marsden,Mangawai,Public Hall,"The Public Hall, Mangawai"
1,Marsden,Te Arai,Public School,"The Public School, Te Arai"
1,Marsden,Pakiri,Public School,"The Public School, Pakiri"
2,Marsden,Leigh,Public Hall,"The Public Hall, Leigh"
2,Marsden,Whangateau,Public Hall,"The Public Hall, Whangateau"
2,Marsden,Matakana,Public School,"The Public School, Matakana"
2,Marsden,Kaiwaka,Public School,"The Public School, Kaiwaka"
2,Marsden,Wellsford,Public Hall,"The Public Hall, Wellsford"
2,Marsden,Warkworth,Town Hall,"The Town Hall, Warkworth"
2,Marsden,Puhoi,Town Hall,"The Town Hall, Puhoi"
2,Kaipara,Dargaville,Courthouse,"The Courthouse, Dargaville (principal)"
2,Kaipara,Aranga,Public School,"The Public School, Aranga"
2,Kaipara,Arapohue,Public Hall,"The Public Hall, Arapohue"
2,Kaipara,Aratapu,Public Hall,"The Public Hall, Aratapu"
2,Kaipara,Hoanga,Public Hall,"The Public Hall, Hoanga"
2,Kaipara,Hukatere,Public Hall,"The Public Hall, Hukatere"
2,Kaipara,Kaihu,Public Hall,"The Public Hall, Kaihu"
2,Kaipara,Kaipara Flats,Library,"The Library, Kaipara Flats"
2,Kaipara,Kaukapakapa,Public Hall,"The Public Hall, Kaukapakapa"
2,Kaipara,Kumeu,Public Hall,"The Public Hall, Kumeu"
2,Kaipara,Maropui,Other,"The Gumshed, Maropui"
2,Kaipara,Matakohe No. 1,Public Hall,"The Public Hall, Matakohe No. 1"
2,Kaipara,Naumai,Public School,"The Public School, Naumai"
2,Kaipara,Onetea,Public School,"The Public School, Onetea"
2,Kaipara,Pahi,Public Hall,"The Public Hall, Pahi"
2,Kaipara,Paparoa,Public Hall,"The Public Hall, Paparoa"
2,Kaipara,Port Albert,Other,"The Druids’ Hall, Port Albert"
2,Kaipara,Riverhead,Public School,"The Public School, Riverhead"
2,Kaipara,Ruawai,Public School,"The Public School, Ruawai"
2,Kaipara,Tangowahine,Public Hall,"The Public Hall, Tangowahine"
2,Kaipara,Tatarariki,Public Hall,"The Public Hall, Tatarariki"
2,Kaipara,Tutamoe,Public School,"The Public School, Tutamoe"
2,Kaipara,Waimauku,Public Hall,"The Public Hall, Waimauku"
2,Kaipara,Wellsford,Other,"The Shelter Shed, Wellsford"
2,Wattemata,Devonport,Hall,"The Masonic Hall, Devonport (principal)"
2,Wattemata,Albany,Hall,"The Cornation Hall, Albany"
2,Wattemata,Hobsonville,Post Office,"The Post-office, Hobsonville"
2,Wattemata,Henderson,Public Hall,"The Public Hall, Henderson"
2,Wattemata,Northcote,Hall,"The Masonic Hall, Northcote"
2,Wattemata,Silverdale,Public Hall,"The Public Hall, Silverdale"
2,Wattemata,Takapuna,Hall,"The Parish Hall, Takapuna"
2,Auckland East,Rutland Street,Drill Hall,"The Drill Hall, Rutland Street (principa!)"
2,Auckland West,Ponsonby Road,Other,"Britannia Picture Theatre, Ponsonby Road (principal)"
2,Auckland West,Mason’s Avenue,Other,"All Saints Mission Hall, Mason’s Avenue"
2,Auckland West,Newmarket,Public Hall,"The Public Hall, Newmarket (principal)"
2,Auckland West,corner Stokes and Mount,Other,"Room in Cucksey’s Buildings, corner Stokes and Mount"
2,Auckland West,Parnell,Other,"The late Billiard-room, 49 Manukau Road, Parnell"
2,Auckland West,corner of Carlton Road and,Other,"No. 2 Fire-brigade Station, corner of Carlton Road and"
2,Auckland West,Remuera Branch of the Auckland,Other,"The Committee- room, Remuera Branch of the Auckland"
2,Auckland West,Remuera Road,Other,"Public Library, Remuera Road"
2,Manukau,Onehunga,Other,"Public Hall, Onehunga (principal)"
2,Manukau,Harp of Erin,Other,"Public Hall, Harp of Erin"
2,Manukau,Otahuhu,Other,"Masonic Hall, Otahuhu"
2,Manukau,St,Other,"Fairy Bower Tea-rooms, St"
2,Manukau,Panmure,Other,"Public Hall, Panmure"
2,Manukau,Ellerslie,Other,"Parish Hall, Ellerslie"
2,Manukau,Epsom,Other,"Manukau Water-supply Office, Epsom"
2,Franklin,Pukekohe,Courthouse,"The Courthouse, Pukekohe (principal)"
2,Franklin,Patumahoe,Public Hall,"The Public Hall, Patumahoe"
2,Franklin,Waiuku,Public Hall,"The Public Hall, Waiuku"
2,Franklin,Waipipi,Public School,"The Public School, Waipipi"
2,Franklin,Kohekohe,Public School,"The Public School, Kohekohe"
2,Franklin,Bombay,Other,"The Public Halil, Bombay"
2,Franklin,Moumoukai. ~,Public School,"The Public School, Moumoukai. ~"
2,Franklin,Mataitai,Public School,"The Public School, Mataitai (Post Town, Clevedon)"
2,Franklin,Ararimu,School,"The Publie School, Ararimu"
2,Franklin,Orua Bay,Public School,"The Public School, Orua Bay"
2,Franklin,Runci,Public School,"The Public School (No. 2), Karaka (Post Town, Runci"
2,Franklin,Paparata,Public School,"The Public School, Paparata"
2,Franklin,Glenbrook,Public Hall,"The Public Hall, Glenbrook"
2,Franklin,Ramarama,Public Hall,"The Public Hall, Ramarama"
2,Franklin,Hunua,Public Hall,"The Public Hall, Hunua"
2,Franklin,Ponga,Public School,"The Public School, Ponga"
2,Franklin,Ardmore,Public Hall,"The Public Hall, Ardmore"
2,Franklin,Alfriston,Public Hall,"The Public Hall, Alfriston"
2,Franklin,Clevedon,Other,"Wairoa Public Ha)l, Clevedon"
2,Franklin,Drury,Public Hall,"The Public Hall, Drury"
2,Franklin,Howick,Public Hall,"The Public Hall, Howick"
2,Franklin,Mangere,Public Hall,"The Public Hall, Mangere"
2,Franklin,Manurewa,Public Hall,"The Public Hall, Manurewa"
2,Franklin,Maraetai,Public School,"The Public School, Maraetai"
2,Franklin,Otahuhu,Public Hall,"The Public Hall, Otahuhu"
2,Franklin,Papakura,Public Hall,"The Public Hall, Papakura"
2,Franklin,Pakuranga,Public School,"The Public School, Pakuranga"
2,Franklin,Tamaki East,Public Hall,"The Public Hall, Tamaki East"
2,Franklin,Turanga Creek,Public School,"The Public School, Turanga Creek (Post Town, Howick)"
2,Franklin,Papatoe,Other,"The Methodist Schoolhouse, Wiri (Post Town, Papatoe"
2,Franklin,Weymouth,Public School,"The Public School, Weymouth (Post Town, Manurewa)"
2,Franklin,Otaua,Public Hall,"The Public Hall, Otaua"
2,Raglan,Ngaruawahia,Public Hall,"The Public Hall, Ngaruawahia (principal)"
2,Raglan,Mercer,Courthouse,"The Courthouse, Mercer"
2,Raglan,Raglan,Courthouse,"The Courthouse, Raglan"
2,Raglan,Taupiri,Public School,"The Public School, Taupiri"
2,Raglan,Tuakau,Public Hall,"The Public Hall, Tuakau"
2,Raglan,Waingaro,Public Hall,"The Public Hall, Waingaro"
2,Raglan,Whatawhata,Public Hall,"The Public Hall, Whatawhata"
2,Thames,Thames,Courthouse,"The Courthouse, Thames (principal)"
2,Thames,Parawai,Public School,"The Public School, Parawai"
2,Thames,Tararu,Public School,"The Public School, Tararu"
2,Thames,Waiomio,Public School,"The Public School, Waiomio"
2,Thames,Tapu,Public School,"The Public School, Tapu"
2,Thames,Kerita,Public School,"The Public School, Wilson’s Bay, Kerita"
2,Thames,Kennedy’s Bay,Public School,"The Public School, Kennedy’s Bay"
2,Thames,Kuaotunu,Public Hall,"The Public Hall, Kuaotunu"
2,Thames,Whitianga,Courthouse,"The Courthouse, Whitianga"
3,Thames,Gumtown,Public School,"The Public School, Gumtown"
3,Thames,Te Teko,Public School,"The Public School, Te Teko"
3,Thames,Manawahe,Public School,"The Public School, Manawahe"
3,Thames,Roto-iti,Public School,"The Public School, Roto-iti"
3,Thames,Okere Falls,Other,"Golden Belt Gold-mining Company’s Shanty, Neaves- The Power-house, Okere Falls"
3,Thames,Wharepoa,Public School,"The Public School, Wharepoa"
3,Thames,Atiamuri,Post Office,"The Post-office, Atiamuri"
3,Thames,Wairakei,Schoolroom,"The Schoolroom, Wairakei"
3,Thames,Paengaroa,Public School,"The Public School, Paengaroa"
3,Thames,Ngatea,Public School,"The Public School, Ngatea"
3,Thames,Waitakaruru,Other,"Pinchess and Bird’s Shed, Waitakaruru"
3,Thames,Waimate Valley,Public Hall,"The Public Hall, Waimate Valley"
3,Thames,Maramarua,Public School,"The Public School, Maramarua"
3,Thames,Ormond,Public School,"The Public School, Ormond"
3,Thames,Te Kauwhata,Public School,"The Public School, Te Kauwhata"
3,Thames,Wheturau,Post Office,"The Post-office, Wheturau"
3,Thames,Waeronga,Public School,"The Public School, Waeronga"
3,Thames,Waikohu,Post Office,"The Post-office, Waikohu"
3,Thames,Matawai,Public School,"The Public School, Matawai"
3,Thames,Motu,Public School,"The Public School, Motu"
3,Tauranga,(Gis,Other,"Bruce and O’Brien’s Store, Wharekopae (Rere), (Gis"
3,Tauranga,Tauranga. borne),Hall,"The Coronation Hall, Tauranga (principal). borne)"
3,Tauranga,Whangara,Public School,"The Public School, Greerton. (prnepe’) The Public School, Whangara"
3,Tauranga,Oropi,Public School,"The Public School, Oropi"
3,Tauranga,Wigan,Public School,"The Public School, Wigan (Tolaga Bay)"
3,Tauranga,Ngawavo,Public School,"The Public School, Ngawavo"
3,Tauranga,Ngongotaha,Public School,"The Public School, Ngongotaha"
3,Tauranga,Tolaga Bay,Courthouse,"The Courthouse, Tolaga Bay"
3,Tauranga,Mamaku,Public School,"The Public School, Mamaku"
3,Tauranga,Mangatuna,Public School,"The Public School, Mangatuna (Tolaga Bay)"
3,Tauranga,Tirau,Public School,"The Public School, Tirau"
3,Tauranga,Waima,Other,"The New Zealand Shipping Company’s Store, Waima"
3,Tauranga,oroire Mr,Public School,"The Public School, Hinucra, oroire Mr"
3,Tauranga,Walton,Public School,"The Public School, Walton"
3,Tauranga,Shungia,Private dwelling,"The Homestead, Shungia (Waipiro Bay)"
3,Tauranga,Kiwitahi,Public School,"The Public School, Kiwitahi"
3,Tauranga,Tuparoa,Public School,"The Public School, Tuparoa"
3,Tauranga,Karapiro,Public School,"The Public School, Karapiro"
3,Tauranga,Waiorongomae,Public School,"The Public School, Waiorongomae (Tuparoa)"
3,Tauranga,Waihou,Public School,"The Public School, Waihou"
3,Tauranga,Te Aroha,Public School,"The Public School, Te Aroha"
3,Taumarunui,Te Aroha West,Public School,"The Public School, Te Aroha West"
3,Taumarunui,Manawaru,Public School,"The Public School, Manawaru"
3,Taumarunui,Brixton,Public School,"No. 2 Public School, Katikati. . ‘ ° The Public School, Brixton"
3,Taumarunui,Omokoroa,Public School,"The Public School, Omokoroa"
3,Taumarunui,Sentry Hill,Public School,"The Public School, Sentry Hill"
3,Taumarunui,Bethlehem,Public School,"The Public School, Bethlehem"
3,Taumarunui,Tikorangi,Public School,"The Public School, Tikorangi"
3,Taumarunui,Otumoetai,Public School,"The Public School, Otumoetai"
3,Taumarunui,Urenui,Public School,"The Public School, Urenui"
3,Taumarunui,Te Puke,Other,"The Orderly Room, Te Puke"
3,Taumarunui,Okoke,Public School,"The Public School, Okoke"
3,Taumarunui,Okau,Public School,"The Public School, Okau"
3,Waikato,Tongaporutu,Public School,"The Public School, Tongaporutu"
3,Waikato,Hamilton,Town Hall,"Town Hall, Hamilton (principal)"
3,Waikato,Mokau,Public School,"The Public School, Mokau"
3,Waikato,Awakino,Public School,"The Public School, Awakino"
3,Waikato,Kihikibi,Public Hall,"The Public Hall, Kihikibi"
3,Waikato,Parahika Valley,Public School,"The Public School, Parahika Valley (Aria)"
3,Waikato,Ohaupo,Public Hall,"The Public Hall, Ohaupo"
3,Waikato,Kaeaea,Public School,"The Public School, Kaeaea"
3,Waikato,Putaruru,Public School,"The Public School, Putaruru"
3,Waikato,Mairoa,Other,"iy The Public School, Mairoa"
3,Bay Of Plenty,Opotiki,Courthouse,"The Courthouse, Opotiki (principal)"
3,Bay Of Plenty,Toatoa,Post Office,"The Post-office, Toatoa"
3,Bay Of Plenty,Marokopa,Public School,"The Public School, Marokopa"
3,Bay Of Plenty,Te Kaha,Public School,"The Public School, Te Kaha"
3,Bay Of Plenty,Te Anga,Post Office,"The Post-office, Te Anga"
3,Bay Of Plenty,Cape Runaway,Other,"Williamson and Mathias’s Storeroom, Cape Runaway"
3,Bay Of Plenty,Waiharakeke,Post Office,"The Post-office, Waiharakeke"
3,Bay Of Plenty,Ohiwa,Post Office,"The Post-office, Ohiwa"
3,Bay Of Plenty,Te Rauamoa,Public School,"The Public School, Te Rauamoa"
3,Bay Of Plenty,Waimana,Public School,"The Public School, Waimana"
3,Bay Of Plenty,Waitomo,Other,"Green and Colebrook’s Store, Waitomo"
4,Bay Of Plenty,Kopaki,Other,"Green and Colebrook’s Store, Kopaki"
4,Bay Of Plenty,Pakowhai,Public School,"The Public School, Pakowhai"
4,Bay Of Plenty,Mokauiti,Public School,"The Public School, Mokauiti"
4,Bay Of Plenty,Napier,Public School,"The Public School, Matiere. : The Courthouse, Napier"
4,Bay Of Plenty,Shakespeare Road,Public School,"The Public School, Nihoniho. : The Shakespeare Boardinghouse, Shakespeare Road"
4,Bay Of Plenty,Ohura. ‘ Napier,Public School,"The Public School, Ohura. ‘ Napier"
4,Bay Of Plenty,Tatu,Public Hall,"The Public Hall, Tatu"
4,Bay Of Plenty,Puketapu. ‘,Public School,"The Public School, Puketapu. ‘"
4,Bay Of Plenty,Mahirakau,Other,"The Publi¢ School, Mahirakau"
4,Bay Of Plenty,Okahukura. ‘,Public School,"The Public School, Okahukura. ‘"
4,Bay Of Plenty,Tennyson Street,Public School,"The Public School, Taringamotu. : McGlashan’s Auction Mart, Tennyson Street"
4,Bay Of Plenty,Waituhi. °,Public School,"The Public School, Waituhi. °"
4,Bay Of Plenty,Taumarunui. ‘,Theatre,"The Theatre Royal, Taumarunui. ‘"
4,Watpawa,Otunui,Public School,"The Public School, Otunui"
4,Watpawa,Matamau,Public Hall,"The Public Hall, Matamau"
4,Gisborne,Ormondville,Board Office,"The Town Board Office, Ormondville"
4,Gisborne,Norsewood,Library,"The Public Library, Norsewood"
4,Gisborne,Takapau,Other,"Garrison Hall, Gisborne. ‘ The Public Hall, Takapau"
4,Gisborne,Gisborne,Other,"Masonic Hall, Childers Road, Gisborne"
4,Gisborne,Waipukuran,Council Chambers,"The County Council Chambers, Waipukuran"
4,Gisborne,Kaiti,Public School,"The Public School, Wainui Road, Kaiti"
4,Gisborne,Ongaonga,Public Hall,"The Public Hall, Ongaonga"
4,Gisborne,Mangapapa,Public School,"The Public School, Mangapapa"
4,Gisborne,Te Hapara. ‘,Public School,"The Public School, Milltown, Te Hapara. ‘"
4,Gisborne,Makaretu,Public School,"The Public School, Makaretu"
4,Gisborne,Matawhero,Public School,"The Public School, Matawhero"
4,Gisborne,‘Tikokino,Library,"The Public Library, ‘Tikokino"
4,Gisborne,Blackburn,Public School,"The Public School, Waerengaahika. : The Post-office, Blackburn"
4,Gisborne,Patutahi,Public School,"The Public School, Patutahi"
4,Gisborne,Maraekakaho,Public School,"The Public School, Maraekakaho"
4,Gisborne,Waerengaokuri,Post Office,"The Post-office, Waerengaokuri"
4,Gisborne,Pakipaki,Public School,"The Public School, Pakipaki"
4,Gisborne,Te Aute,Schoolroom,"The Schoolroom (Balfour’s), Te Aroha. |"" The Publie Hall, Te Aute"
4,Gisborne,Tiniroto,Public School,"The Public School, Tiniroto"
4,Pahiatua,Te Arai,Public School,"The Public School, Manutuke, Te Arai"
4,Pahiatua,Woodville,Other,"The Foresters’ Hall, Woodville (principal)"
4,Pahiatua,Wharerata,Post Office,"The Post-office, Wharerata"
4,Pahiatua,Herbertville,School,"The Publie School, Herbertville"
4,Pahiatua,Mangatainoka,Other,"The Hall, Mangatainoka"
4,Pahiatua,Nuhaka,Public School,"The Public School, Nuhaka"
4,Pahiatua,Makuri,Public School,"The Public School, Makuri"
4,Pahiatua,Pahiatua,Other,"The Fo nesters’ Hall, Pahiatua"
4,Pahiatua,Frasertown,Public School,"The Public School, Frasertown"
4,Pahiatua,Hatuma,Other,"The Wool-shed, near School, Hatuma"
4,Pahiatua,Wanstead,Native School,"The Native School, Tuhara. ‘ The Public School, Wanstead"
4,Hawke'S Bay,Whakataki,Public School,"The Public School, Whakataki"
4,Hawke'S Bay,Hastings,School,"The District School, Hastings"
4,Hawke'S Bay,Annedale,Other,"The Men's Cottage, Annedale"
4,Hawke'S Bay,Mangapakeha,Public School,"The Public School, Mahora South. : The Public School, Mangapakeha"
4,Hawke'S Bay,Havelock North,Public School,"The Public School, Havelock North"
4,Hawke'S Bay,Mangateretere,Public School,"The Public School, Mangateretere"
4,Hawke'S Bay,Junction Westmere-Ferny,Other,"The Red Cottage, The Cross, Junction Westmere-Ferny"
4,Hawke'S Bay,Rissington,Public School,"The Public School, Rissington"
4,Hawke'S Bay,Patoka,Public School,"The Public School, Patoka"
4,Hawke'S Bay,‘Taueru,Public School,"The Public School, ‘Taueru"
4,Hawke'S Bay,Matahiwi,Public School,"The Public School, Matahiwi"
4,Hawke'S Bay,Upper Opaki,Public School,"The Public School, Mikimiki, Upper Opaki"
4,Hawke'S Bay,West Taratahi,Public School,"The Public School, West Taratahi"
4,Hawke'S Bay,Longbush,Other,"The Reading-room, Tomoana, The Public School, Longbush"
4,Hawke'S Bay,Ponatahi,Public School,"The Public School, Ponatahi"
4,Hawke'S Bay,Pakowhai,Other,"Rununga House, Pakowhai ( Wairo)"
4,Hawke'S Bay,Waihakeke,Public School,"The Public School, Waihakeke"
4,Hawke'S Bay,Morrison’s Bush,Public Hall,"The Public Hall, Wairos The Public School, Morrison’s Bush"
4,Napier,Kaiwaiwai,Public Hall,"The Public Hall, Kaiwaiwai"
4,Napier,Kahutara,Council Chambers,"The Borough Council Chambers, Napier (principal). ‘ The Public School, Kahutara"
4,Napier,Napier South,Other,"The Polling-booth, the District School, Napier South"
4,Napier,Cross Creek,Other,"The Reading-room, Cross Creek"
4,Napier,Shakespeare Road,Other,"The Marist Bros.’ ‘Schoolroom, Shakespeare Road"
4,Napier,Waiorongomai,Other,"The School, Waiorongomai"
4,Napier,junction Napier Terrace and Burling- The Premises of Mr,Other,"The Polling-booth, junction Napier Terrace and Burling- The Premises of Mr"
5,Stratford,Stratford,Courthouse,"The Courthouse, Stratford (principal)"
5,Stratford,Cardiff,School,"The Publie School, Cardiff"
5,Stratford,Mahoc,Public School,"The Public School, Mahoc"
5,Stratford,Ngacre,Public School,"The Public School, Ngacre"
5,Stratford,Toke,Public Hall,"The Public Hall, Toke"
5,Stratford,Midhirst,Public School,"The Public School, Midhirst"
5,Stratford,Tariki,Public School,"The Public School, Tariki"
5,Stratford,Kaimata,Public School,"The Public School, Kaimata"
5,Stratford,Tarata,Public School,"The Public School, Tarata"
5,Stratford,Purangi,Public School,"The Public School, Purangi"
5,Stratford,Huiroa,Public School,"The Public School, Huiroa"
5,Stratford,Douglas,Public School,"The Public School, Douglas"
5,Stratford,Tututawa,Public School,"The Public School, Tututawa"
5,Stratford,Strathmore,Public Hall,"The Public Hall, Strathmore"
5,Stratford,Te Wera,Public Hall,"The Public Hall, Te Wera"
5,Stratford,Pohokura,Public School,"The Public School, Pohokura"
5,Stratford,Kohuratahi,Public Hall,"The Public Hall, Kohuratahi"
5,Taranaki,New Plymouth,Courthouse,"The Courthouse, Robe Street, New Plymouth (principal)"
5,Taranaki,New Ply,Other,"The Gymnasium, Schoolhouse, South Road, New Ply"
5,Taranaki,Omata,Public School,"The Public School, Omata"
5,Taranaki,Koru,Public School,"The Public School, Koru"
5,Taranaki,Oakura,Public School,"The Public School, Oakura"
5,Taranaki,Okato,Public School,"The Public School, Okato"
5,Taranaki,Fitzroy,Public Hall,"The Public Hall, Fitzroy"
5,Taranaki,New,Other,"The Polling-booth (Gordge’s Store), Vogeltown, New"
5,Taranaki,Puniho,Other,"The Toll-gate House, Puniho"
5,Taranaki,Kaimiro,Public School,"The Public School, Kaimiro"
5,Taranaki,Lower Mangorei,Other,"Benoni White’s House, Lower Mangorei"
5,Taranaki,Waiongona,Public School,"The Public School, Waiongona"
5,Taranaki,Lepperton,Public School,"The Public School, Lepperton"
5,Taranaki,Inglewood,Other,"The Druids’ Hall, Cutfield Street, Inglewood"
5,Egmont,Elthani,Theatre,"The Theatre Royal, Elthani (principal)"
5,Egmont,Mangatoki,Public School,"The Public School, Mangatoki"
5,Egmont,Kaponga,Hall,"The Atheneum Hall, Kaponga"
5,Egmont,Riverlea,Public School,"The Public School, Riverlea"
5,Egmont,Awatuna,Public School,"The Public School, Awatuna"
5,Egmont,Te Kiri,Public School,"The Public School, Te Kiri"
5,Egmont,Mangahume,Public School,"The Public School, Mangahume (Eltham Road)"
5,Egmont,Opunake,Courthouse,"The Courthouse, Opunake"
5,Egmont,Oaonui,Other,"The Hall, Oaonui"
5,Egmont,Opua,Public School,"The Public School, Opua"
5,Egmont,Kahui,School,"The Publie School, Kahui"
5,Egmont,Rahotu,Public School,"The Public School, Rahotu"
5,Egmont,Pungarehu,Public School,"The Public School, Pungarehu"
5,Egmont,Warea,Other,"The Hall, Warea"
5,Egmont,Puniho,Public School,"The Public School, Puniho"
5,Egmont,Pihama,Public School,"The Public School, Pihama"
5,Egmont,Otakeho,Public School,"The Public School, Otakeho"
5,Egmont,Auroa,Public School,"The Public School, Auroa"
5,Egmont,Kapuni,Public School,"The Public School, Kapuni"
5,Egmont,Matapu,Public School,"The Public School, Matapu"
5,Egmont,Manaia,Town Hall,"The Town Hall, Manaia"
5,Egmont,Inaha,Other,"The Dairy Factory, Inaha"
5,Egmont,Okaiawa,Other,"The Hall, Okaiawa"
5,Egmont,e Roti,Public School,"The Public School, ''e Roti"
5,Egmont,Ararata,Public School,"The Public School, Ararata"
5,Egmont,Meremere,Other,"The Store, Meremere"
5,Egmont,Mata,Public School,"The Public School, Mata"
5,Patea,Hawera,Courthouse,"The Courthouse, Hawera (principal)"
5,Patea,Normanby,Town Hall,"The Town Hall, Normanby"
5,Patea,Ohangai,Public School,"The Public School, Ohangai"
5,Patea,Mokoia,Public School,"The Public School, Mokoia"
5,Patea,Whakamara,Public School,"The Public School, Whakamara"
5,Patea,Manutahi,Public School,"The Public School, Manutahi"
5,Patea,Alton,Public School,"The Public School, Alton"
5,Patea,Kakaramea,Public School,"The Public School, Kakaramea"
5,Patea,Patea,Courthouse,"The Courthouse, Patea"
5,Patea,Waverley,Town Hall,"The Town Hall, Waverley"
5,Patea,Ngutuwera,Public Hall,"The Public Hall, Ngutuwera"
5,Patea,Kohi,Public School,"The Public School, Kohi"
5,Patea,Waitotara,Public Hall,"The Public Hall, Waitotara"
5,Patea,Maxwolltown,Public Hall,"The Public Hall, Maxwolltown"
5,Patea,Kai Iwi,Public School,"The Public School, Kai Iwi"
5,Patea,Westmere,Public School,"The Public School, Westmere"
5,Patea,Brunswick,Public School,"The Public School, Brunswick"
5,Wanganui,Wanganui,Council Chambers,"The Council Chambers, Wanganui (principal)"
5,Wanganui,Wanganui East,Town Hall,"The Town Hall, Wanganui East"
5,Wanganui,Castlecliff,Other,"The Hall, Castlecliff"
5,Wanganui,St,Other,"Miss Woon’s School, St"
5,Wanganui,Harrison,Other,"Aotea Board’s Office, Masonic Hall Buildings, Harrison"
5,Waimarino,Taihape,Public School,"The Public School, Taihape (principal)"
5,Waimarino,Fordell.:,Public School,"The Public School, Fordell.:"
5,Waimarino,Horopito,Public School,"The Public School, Horopito"
5,Waimarino,Kaiteke,Public School,"The Public School, Kaiteke"
5,Waimarino,Kakahi,Public School,"The Public School, Kakahi"
5,Waimarino,Mananui,Public School,"The Public School, Mananui"
5,Waimarino,Mataroa,Public School,"The Public School, Mataroa"
5,Waimarino,Ohakune,Public Hall,"The Public Hall, Ohakune"
5,Waimarino,Ohakune East,Other,"The Polling-booth, Ohakune East"
5,Waimarino,Owhanga,Public School,"The Public School, Owhanga"
5,Waimarino,Pipiriki,Public School,"The Public School, Pipiriki"
5,Waimarino,Piraka,Public School,"The Public School, Piraka"
5,Waimarino,Rangatua,Town Hall,"The Town Hall, Rangatua"
5,Waimarino,Raurimu,Public School,"The Public School, Raurimu"
5,Waimarino,Ruatiti,Public School,"The Public School, Ruatiti"
5,Waimarino,Wangaehu,Other,"The Public-school Residence, Wangaehu"
5,Waimarino,Feilding,Drill Hall,"The Drill-hall, Feilding (principal)"
5,Waimarino,Haleombe,Other,"The Public Hal}, Haleombe"
5,Waimarino,Cheltenham,Public Hall,"The Public Hall, Cheltenham"
5,Waimarino,Waituna West,Other,"The Hall, Waituna West"
5,Waimarino,Kimbolton,Other,"The Public Halil, Kimbolton"
5,Waimarino,Rangiwahia,Other,"The Hall, Rangiwahia"
5,Waimarino,Colyton,Other,"The Hall, Colyton"
5,Waimarino,Pohangina,Other,"The Technical-school Building, Pohangina"
5,Waimarino,Apiti,Other,"The Technical-school Building, Apiti"
5,Waimarino,Bunnythorpe,Public Hall,"The Public Hall, Bunnythorpe"
5,Waimarino,Awahuri,Public Hall,"The Public Hall, Awahuri"
5,Rangitiket,Marton,Hall,"The Rangitikei Coronation Hall, Marton (principal)"
5,Rangitiket,Bulls,Courthouse,"The Courthouse, Bulls"
5,Rangitiket,Newbury,Other,"The Hall, Newbury"
5,Rangitiket,Sanson,Other,"The County Office, Sanson"
6,Palmerston,Palmerston North,Other,"The Opera House, Palmerston North (principal)"
6,Palmerston,Longburn,Public Hall,"The Public Hall, Longburn"
6,Palmerston,Linton,Public Hall,"The Public Hall, Linton"
6,Palmerston,Tiakitahuna,Public Hall,"The Public Hall, Tiakitahuna"
6,Palmerston,Kairanga,Public Hall,"The Public Hall, Kairanga"
6,Palmerston,Whakaronga,Public Hall,"The Public Hall, Whakaronga"
6,Otaki,Levin,Council Chambers,"The Council Chambers, Levin (principal)"
6,Otaki,Te Horo,Other,"The Hall, Te Horo"
6,Otaki,Waikanae,Other,"The Hall, Waikanae"
6,Otaki,Manakau,Other,"The Hall, Manakau"
6,Otaki,Paekakariki,Other,"The Hall, Paekakariki"
6,Otaki,Koputarua,Public School,"The Public School, Koputarua"
6,Otaki,Moutoa,Public School,"The Public School, Moutoa"
6,Otaki,Tokomaru,Other,"The Hall, Tokomaru"
6,Otaki,Foxton,Hall,"The Masonic Hall, Foxton"
6,Otaki,Taikorea,Public School,"The Public School, Taikorea"
6,Otaki,Oroua Downs,Other,"The School, Oroua Downs"
6,Hutt,Korokoro,Public School,"The Public School, Korokoro"
6,Hutt,Lower Hutt,Town Hall,"The Town Hall, Lower Hutt"
6,Hutt,Muritai,Other,"Eastbourne Hall, Muritai"
6,Hutt,Wainuiomata,Public Hall,"The Public Hall, Wainuiomata"
6,Hutt,Epuni,Public School,"The Public School, Epuni"
6,Hutt,Taita,Public School,"The Public School, Taita"
6,Hutt,Trentham,Other,"The Odd Fellows’ Hall, Trentham"
6,Hutt,Upper Hutt,Courthouse,"The Courthouse, Upper Hutt"
6,Hutt,Kaitoke,Public School,"The Public School, Kaitoke"
6,Hutt,St,Other,"The Gymnasium, St"
6,Hutt,Kelburn,Other,"The Kiosk, Kelburn"
6,Hutt,Brandon Street,Other,"Bethune and Company’s Auction Mart, Brandon Street"
6,Hutt,Aro Street,Hall,"The Mission Hall, Aro Street"
6,Hutt,Adelaide Road,Other,"Victoria Hall, Adelaide Road"
6,Hutt,Hataitai,Other,"Bowling Pavilion, Hataitai"
6,Hutt,Roseneath,Public School,"The Public School, Roseneath"
6,Nelson,Nelson,Other,"The Magistrate’s Courthouse, Nelson ( princfpal)"
6,Nelson,Wakefield,Other,"The Odd Fellows’ Hall, Wakefield"
6,Nelson,Hope,Public School,"The Public School, Hope"
6,Nelson,Ranzau,Public School,"The Public School, Ranzau"
6,Nelson,Appleby,School,"The Sunday School, Appleby"
6,Nelson,Richmond,Other,"The Odd Fellows’ Hall, Richmond"
6,Nelson,Stoke,Public Hall,"The Public Hall, Stoke"
6,Nelson,Carluke,Public School,"The Public School, Carluke (Timatanga Post-office)"
6,Nelson,French Pass,Post Office,"The Post-office, French Pass"
6,Nelson,Tahunanui,Public School,"The Public School, Tahunanui"
6,Motueka,Motueka,Public School,"The Public School, Motueka (principal)"
6,Motueka,Wakefield,Public School,"The Public School, Wakefield"
6,Motueka,Wai-iti,Public School,"The Public School, Wai-iti"
6,Motueka,Dovedale,Public School,"The Public School, Dovedale"
6,Motueka,Foxhill,Public School,"The Public School, Foxhill"
6,Motueka,Motupiko,Public School,"The Public School, Motupiko"
6,Motueka,Ngatimote,Public School,"The Public School, Ngatimote"
6,Motueka,Riwaka,Public School,"The Public School, Riwaka"
6,Motueka,Brooklyn,Public School,"The Public School, Brooklyn"
6,Motueka,Rockville,School,"The Old School, Rockville"
6,Motueka,Bainham,Public School,"The Public School, Bainham"
6,Motueka,Waingaro,Public School,"The Public School, Waingaro"
6,Motueka,Motupipi,Public School,"The Public School, Motupipi"
6,Motueka,Karamea,Public School,"The Public School, Karamea"
6,Motueka,Tadmor,Railway Station,"The Railway-station, Tadmor"
6,Motueka,Takaka,Courthouse,"The Courthouse, Takaka"
6,Motueka,Puponga,Public School,"The Public School, Puponga"
6,Motueka,Appleby,Public School,"The Public School, Appleby"
6,Motueka,Upper Takaka,Other,"The Polling-booth, Upper Takaka"
6,Motueka,Summerlea (St,Public School,"The Public School, Summerlea (St"
6,Motueka,Hector,Public School,"The Public School, Hector (Ngakawau Post-office)"
6,Motueka,Tapawera,Public School,"The Public School, Tapawera"
6,Motueka,Glenhope,Public School,"The Public School, Glenhope"
6,Motueka,Terakohe,Other,"The Polling-booth, Terakohe"
6,Motueka,Tasman,Public School,"The Public School, Tasman"
6,Buller,Westport,Courthouse,"The Courthouse, Westport (principal)"
6,Buller,Lyell,Courthouse,"The Courthouse, Lyell"
6,Buller,Waimangaroa,Public Hall,"The Public Hall, Waimangaroa"
6,Buller,Burnett’s Face,Hall,"The Mission Hall, Burnett’s Face"
6,Buller,Granity,Library,"The Public Library, Granity"
6,Buller,Addison’s,Public School,"The Public School, Addison’s"
6,Buller,Black’s Point,Hall,"The Methodist Hall, Black’s Point"
6,Buller,Fairdown,Public School,"The Public School, Fairdown"
6,Buller,Cronadun,Public School,"The Public School, Cronadun"
6,Buller,Millerton,Other,"The Hail, Millerton"
6,Buller,Birchfield,Other,"The Hall, Birchfield"
6,Buller,Charleston,Courthouse,"The Courthouse, Charleston"
6,Buller,Fern Flat,Other,"The School-teacher’s Residence, Fern Flat"
6,Buller,Murchison,Public School,"The Public School, Murchison"
6,Buller,Te Kuha,Public School,"The Public School, Te Kuha"
6,Grey,Greymouth,Town Hall,"The Town Hall, Greymouth (principal)"
6,Grey,Shakespeare Street,Club Rooms,"The United Football Club’s Shed, Shakespeare Street"
6,Grey,Blaketown,Public School,"The Public School, Blaketown"
6,Grey,Cobden,Hall,"The Cobden Hall, Cobden"
6,Grey,Barrytown,Public School,"The Public School, Barrytown"
6,Grey,Runanga,Public School,"The Public School, Runanga"
6,Grey,Dunollie,Other,"The Druids’ Hall, Dunollie"
6,Grey,Rewanui,Public School,"The Public School, Rewanui"
7,Grey,Blackball,Public School,"The Public School, Blackball"
7,Grey,Ikamatua,Public School,"The Public School, Ikamatua"
7,Grey,Mawheraiti,Railway Station,"The Railway-station, Mawheraiti"
7,Grey,Reefton,Public School,"The Public School, Reefton"
7,Grey,Big River,Other,"Big River Company’s Cottage, Big River"
7,Grey,Waitahu,Public School,"The Public School, Waitahu (Post-office, Reefton)"
7,Grey,Maimai,Railway Station,"The Railway-station, Maimai"
7,Westland,Hokitika,Hall,"The Supreme Hall, Hokitika (principal)"
7,Westland,Okura,Public School,"The Public School, Okura"
7,Westland,Bruce Bay,Public School,"The Public School, Bruce Bay"
7,Westland,Okarito,Courthouse,"The Courthouse, Okarito"
7,Westland,Waiho,Hall,"The Waiho Hall, Waiho"
7,Westland,Waitangi,Public School,"The Public School, Waitangi"
7,Westland,Harihari,Public School,"The Public School, Harihari"
7,Westland,Waitaha,Public School,"The Public School, Waitaha"
7,Westland,Ross,Courthouse,"The Courthouse, Ross"
7,Westland,Ruatapu,Public School,"The Public School, Ruatapu"
7,Westland,Rimu,Public Hall,"The Public Hall, Rimu"
7,Westland,Woodstock,Public School,"The Public School, Woodstock"
7,Westland,Kanieri,Public Hall,"The Public Hall, Kanieri"
7,Westland,Arahura,Public Hall,"The Public Hall, Arahura"
7,Westland,Three Mile,Public Hall,"The Public Hall, Three Mile"
7,Westland,Stafford,Courthouse,"The Courthouse, Stafford"
7,Westland,Goldsborough,Courthouse,"The Courthouse, Goldsborough"
7,Westland,Kumara,Courthouse,"The Courthouse, Kumara"
7,Westland,Marsden,Public School,"The Public School, Marsden"
7,Westland,Ahaura,Courthouse,"The Courthouse, Ahaura"
7,Westland,Ngahere,Public School,"The Public School, Ngahere"
7,Westland,Kokiri,Public School,"The Public School, Kokiri"
7,Westland,Aratika,Public School,"The Public School, Aratika"
7,Westland,Moana,Public School,"The Public School, Moana"
7,Westland,Te Kinga,Public School,"The Public School, Te Kinga"
7,Westland,Rotomanu,Public School,"The Public School, Rotomanu"
7,Westland,Jackson’s,Public School,"The Public School, Jackson’s"
7,Westland,Otira,Public School,"The Public School, Otira"
7,Westland,Wallsend,Other,"The Polling-booth, Wallsend"
7,Westland,Paroa,Public School,"The Public School, Paroa"
7,Westland,Waiuta,Public School,"The Public School, Waiuta"
7,Westland,South Beach,Other,"The Polling-booth, South Beach"
7,Westland,Cameron’s,Other,"The Polling-booth, Cameron’s"
7,Westland,Humphrey’s,Public School,"The Public School, Humphrey’s"
7,Westland,Kahikatea,Other,"The Polling-booth, Kahikatea"
7,Westland,Kaiata,Other,"The Polling-booth, Kaiata"
7,Wairau,Blenheim,Town Hall,"The Town Hall, Blenheim (principal)"
7,Wairau,Literary Institute Bui‘dings,Council Chambers,"The Council Chambers, Literary Institute Bui‘dings"
7,Wairau,Grovetown,Public School,"The Public School, Grovetown"
7,Wairau,Rapaura,Public School,"The Public School, Rapaura"
7,Wairau,Fairhall,Public School,"The Public School, Fairhall"
7,Wairau,Onamalutu,Public School,"The Public School, Onamalutu"
7,Wairau,Okaramio,Public School,"The Public School, Okaramio"
7,Wairau,Havelock,Courthouse,"The Courthouse, Havelock"
7,Wairau,The Grove,Public School,"The Public School, The Grove"
7,Wairau,Picton,Courthouse,"The Courthouse, Picton"
7,Wairau,Koromiko,Public School,"The Public School, Koromiko"
7,Wairau,Tuamarina,Public School,"The Public School, Tuamarina"
7,Wairau,Seddon,Public School,"The Public School, Seddon"
7,Wairau,Grassmere,Public School,"The Public School, Grassmere"
7,Wairau,Ward,Public School,"The Public School, Ward (Flaxbourne)"
7,Wairau,Kekerangu,Public School,"The Public School, Kekerangu"
7,Wairau,Manaroa,Public School,"The Public School, Manaroa"
7,Wairau,St,Post Office,"The Post-office, St"
7,Hurunut,Amberley,Board Office,"The Town Board Office, Amberley (principal)"
7,Hurunut,Sefton,School,"The Pyblie School, Sefton"
7,Hurunut,Rotheram,Public School,"The Public School, Rotheram"
7,Hurunut,Hapuku,Other,"The Hall, Hapuku"
7,Hurunut,Kaikoura,Courthouse,"The Courthouse, Kaikoura"
7,Hurunut,Waiau. ‘,Public School,"The Public School, Waiau. ‘"
7,Hurunut,Hawarden,Other,"The Hall, Hawarden"
7,Hurunut,Omihi,Public School,"The Public School, Omihi"
7,Hurunut,Scargill,Public School,"The Public School, Scargill"
7,Hurunut,Woodgrove,Public School,"The Public School, Woodgrove"
7,Hurunut,View Hill,Public School,"The Public School, View Hill"
7,Kaiapot,Kaiapoi,Hall,"The Volunteer Hall, Kaiapoi (principal)"
7,Kaiapot,Rangiora,Hall,"The Volunteer Hall, Rangiora"
7,Kaiapot,Southbrook,Public Hall,"The Public Hall, Southbrook"
7,Kaiapot,Woodend,Public Hall,"The Public Hall, Woodend"
7,Kaiapot,Waikuku,Public Hall,"The Public Hall, Waikuku"
7,Kaiapot,Fernside,Public School,"The Public School, Fernside"
7,Kaiapot,Carleton,Public School,"The Public School, Carleton"
7,Kaiapot,West Oxford,Courthouse,"The Courthouse, West Oxford"
7,Kaiapot,Kirikiri,Public School,"The Public School, Kirikiri"
7,Kaiapot,Swannanoa,Public School,"The Public School, Swannanoa"
7,Kaiapot,Belfast,Other,"The Hall, Belfast"
7,Kaiapot,Papanui,Public School,"The Public School, Papanui"
7,Kaiapot,Burwood,Other,"The Hall, Burwood"
7,Christchurch North,Bealey Avenue,Other,"Knox School, Bealey Avenue"
7,Christchurch North,Rugby Street,Schoolroom,"The Schoolroom, Rugby Street"
7,Christchurch North,Cranford Street North,Other,"The Salvation Army Hal), Cranford Street North"
7,Christchurch East,151 Worcester Street (prin,Other,"Caledonian Society’s Hall, 151 Worcester Street (prin"
7,Christchurch East,174 Barbadoes Street,Other,"Hibernian Hall, 174 Barbadoes Street"
7,Christchurch East,15 Lawson Street,Other,"Sydenham Football Club’s Hall, 15 Lawson Street"
7,Christchurch East,Waltham Road,Library,"The Library, Waltham Road"
7,Christchurch East,(prin,Other,"Salvation Army Hall, Battersea Street, Sydenham, (prin"
7,Riccarton,Upper Riccarton,Other,"The Odd Fellows’ Hall, Upper Riccarton (principal)"
7,Riccarton,Harewood,Public Hall,"The Public Hall, Harewood"
8,Riccarton,Hornby,Hall,"The Orange Hall, Hornby"
8,Riccarton,Yslington,Hall,"The Social Hall, Yslington"
8,Riccarton,Templeton,Library,"The Public Library, Templeton"
8,Riccarton,Weedon’s,Public School,"The Public School, Weedon’s"
8,Riccarton,Darfield,Public Hall,"The Public Hall, Darfield"
8,Avon,Linwood,Other,"Odd Fellows’ Hall, Rolleston Street, Linwood (principal)"
8,Avon,Bromley,Public School,"The Public School, Bromley"
8,Avon,Buxton’s Corner,Other,"Marquee at Geddie’s Poultry Farm, Buxton’s Corner"
8,Avon,Cambridge Terrace,Other,"Canterbury Boat-sheds, Cambridge Terrace"
8,Lyitelion,Lyttelton,Courthouse,"The Courthouse, Lyttelton (principal)"
8,Lyitelion,Sumner,Public School,"The Public School, Sumner"
8,Lyitelion,Woolston,Other,"The Odd Fellows’ Hall, Woolston"
8,Lyitelion,Heathcote,Public School,"The Public School, Heathcote"
8,Lyitelion,Opawa,Public School,"The Public School, Opawa"
8,Lyitelion,Governor’s Bay,Public School,"The Public School, Governor’s Bay"
8,Lyitelion,Port Levy,Public School,"The Public School, Port Levy"
8,Lyitelion,Okain’s Bay,Public School,"The Public School, Okain’s Bay"
8,Lyitelion,Le Bon’s Bay,Public School,"The Public School, Le Bon’s Bay"
8,Ellesmere,Akaroa,Courthouse,"The Courthouse, Akaroa (principal)"
8,Ellesmere,Little River,Courthouse,"The Courthouse, Little River"
8,Ellesmere,Ataahura,Public School,"The Public School, Ataahura"
8,Ellesmere,Doyleston,Town Hall,"The Town Hall, Doyleston"
8,Ellesmere,Irwell,Public School,"The Public School, Irwell"
8,Ellesmere,Lakeside,Public School,"The Public School, Lakeside"
8,Ellesmere,Southbridge,Public Hall,"The Public Hall, Southbridge"
8,Ellesmere,Tai Tapu,Public School,"The Public School, Tai Tapu"
8,Ellesmere,Rolleston,Public School,"The Public School, Rolleston"
8,Ellesmere,Ellesmere,Public School,"The Public School, Ellesmere"
8,Ellesmere,Lincoln,Public Hall,"The Public Hall, Lincoln"
8,Ellesmere,Brookside,Public School,"The Public School, Brookside"
8,Ellesmere,Dunsandel,Public School,"The Public School, Dunsandel"
8,Ellesmere,Spreydon,Public School,"The Public School, Spreydon"
8,Ellesmere,Halswell,Public School,"The Public School, Halswell"
8,Ellesmere,Prebbleton,Library,"The Library, Prebbleton"
8,Ellesmere,Duvauchelle,Public Hall,"The Public Hall, Duvauchelle"
8,Selwyn,Springfield,Other,"Tawera County Council Chambers, Springfield (principal)"
8,Selwyn,Glenroy,Public School,"The Public School, Glenroy"
8,Selwyn,Dunsandel,Town Hall,"The Town Hall, Dunsandel"
8,Selwyn,Methven,Public School,"The Public School, Methven"
8,Selwyn,Barrhill,Public School,"The Public School, Barrhill"
8,Selwyn,Chertsey,Public School,"The Public School, Chertsey"
8,Selwyn,Rakaia,Courthouse,"The Courthouse, Rakaia"
8,Selwyn,Lauriston,Public School,"The Public School, Lauriston"
8,Selwyn,Lyndhurst,Other,"The Hall, Lyndhurst"
8,Selwyn,Dromore,Public School,"The Public School, Dromore"
8,Selwyn,Elgin,Public School,"The Public School, Elgin"
8,Selwyn,Anama,Public School,"The Public School, Anama"
8,Selwyn,Greendale,Public School,"The Public School, Greendale"
8,Selwyn,Fairton,Public School,"The Public School, Fairton"
8,Selwyn,Allenton,Public School,"The Public School, Allenton"
8,Selwyn,Wakanui,Public School,"The Public School, Wakanui"
8,Timaru,North Street,Courthouse,"The Courthouse, North Street (principal)"
8,Timaru,Browne Street,Other,"Catholic Hall, Browne Street"
8,Timaru,Washdyke,Public Hall,"The Public Hall, Washdyke"
8,Timaru,Seadown,Public School,"The Public School, Seadown"
8,Timaru,Rosewill,Public School,"The Public School, Rosewill"
8,Timaru,Gleniti,School,"The Publie School, Gleniti"
8,Timaru,Adair,Public School,"The Public School, Adair"
8,Timaru,Fairview,Public School,"The Public School, Fairview"
8,Timaru,Kingsdown,Public School,"The Public School, Kingsdown"
8,Timaru,Pareora,Public Hall,"The Public Hall, Pareora"
8,Temuka,Temuka,Drill Hall,"The Drill-shed, Hall, Temuka (principal)"
8,Temuka,Hazelburn,Public School,"The Public School, Hazelburn"
8,Temuka,Albury,Public School,"The Public School, Albury"
8,Temuka,Fairlie,Public School,"The Public School, Fairlie"
8,Temuka,Burke’s Pass,Public School,"The Public School, Burke’s Pass"
8,Temuka,St,Public School,"The Public School, St"
8,Temuka,Otaio,Public School,"The Public School, Otaio"
8,Temuka,Makikihi,Public School,"The Public School, Makikihi"
8,Temuka,Hook,Public School,"The Public School, Hook"
8,Temuka,Wai,Other,"William Geddes’s Homestead, Timaru Road, Wai"
8,Temuka,Waimate,Courthouse,"The Courthouse, Waimate (principal)"
8,Temuka,Ardgowan,Public School,"The Public School, Ardgowan"
8,Temuka,Duntroon,Public School,"The Public School, Duntroon"
8,Temuka,Teaneraki,Public School,"The Public School, Teaneraki (Enfield Post-office)"
8,Temuka,Glenavy,Public School,"The Public School, Glenavy"
8,Temuka,Hakataramea Valley (Hakataramea,Public School,"The Public School, Hakataramea Valley (Hakataramea"
8,Temuka,Otepopo,Public School,"The Public School, Otepopo (Herbert Post-office)"
8,Temuka,Kurow,Public School,"The Public School, Kurow"
8,Temuka,MeCuJloch’s,Other,"James Patterson’s House, Creamery, MeCuJloch’s"
8,Temuka,Morven,School,"The Publie School, Morven"
8,Temuka,Ngapara,Other,"The Public Schoul, Ngapara"
8,Temuka,Otekaieke,Public School,"The Public School, Otekaieke"
8,Temuka,Omarama,Other,"The Station-house, Omarama (Kurow Post-office)"
8,Temuka,Pukeuri,Other,"The Public, School, Pukeuri"
8,Temuka,Papakaio,Public School,"The Public School, Papakaio"
8,Temuka,Redcliff,Public School,"The Public School, Redcliff (Ikawai Post-office)"
8,Temuka,Sandhurst,Public School,"The Public School, Sandhurst (Hakataramea Post-office)"
8,Temuka,Tokarahi,Other,"The Hall, Tokarahi"
8,Temuka,Totara,Public School,"The Public School, Totara (Totaratahi Post-office)"
8,Temuka,Windsor,Public School,"The Public School, Windsor"
8,Temuka,Weston,Public School,"The Public School, Weston"
8,Temuka,Incholme,Public School,"The Public School, Incholme"
9,Otago Central,Naseby,Other,"The Odd Fellows’ Hall, Naseby (principal)"
9,Otago Central,St,Courthouse,"The Courthouse, St"
9,Otago Central,Cambrian,Public School,"The Public School, Cambrian"
9,Otago Central,Lauder,Other,"he Public School, Lauder"
9,Otago Central,Matakanui,Public School,"The Public School, Matakanui"
9,Otago Central,Galloway,Public School,"The Public School, Galloway"
9,Otago Central,Alexandra,Town Hall,"The Town Hall, Alexandra"
9,Otago Central,Roxburgh,Hall,"The Atheneum Hall, Roxburgh"
9,Otago Central,Miller’s Flat,Other,"The Hall, Miller’s Flat"
9,Otago Central,Rae’s Junction,Public School,"The Public School, Rae’s Junction"
9,Otago Central,Crookston,Public School,"The Public School, Crookston"
9,Otago Central,Edievale,Other,"George Spencer’s House, Edievale"
9,Otago Central,Kelso,Hall,"Dunnett's Hall, Kelso"
9,Otago Central,near - Kelso,Public School,"The Public School, Glenkenich, near - Kelso"
9,Otago Central,Waikoikoi,Other,"Donald McBeath’ s House, Waikoikoi"
9,Otago Central,Moa Creck,Public School,"The Public School, Moa Creck"
9,Otago Central,Patearoa,Public Hall,"The Public Hall, Patearoa"
9,Otago Central,Waipiata,Public Hall,"The Public Hall, Waipiata"
9,Otago Central,Macrac’s,Courthouse,"The Courthouse, Macrac’s"
9,Otago Central,Moonlight,Public School,"The Public School, Moonlight"
9,Otago Central,Kyeburn,Public School,"The Public School, Kyeburn"
9,Otago Central,Kokonga,Public School,"The Public School, Kokonga"
9,Otago Central,Ranfurly,Other,"The Hall, Ranfurly"
9,Otago Central,Beck’s,Public School,"The Public School, Beck’s"
9,Otago Central,Omakau,Other,"The Porters’ Room, Railway-station, Omakau"
9,Otago Central,Ettrick,Public School,"The Public School, Ettrick"
9,Otago Central,Poolburn,School,"The Publie School, Poolburn"
9,Otago Central,Oturehua,Other,"The Hall, Oturehua"
9,Otago Central,Outram,Courthouse,"The Courthouse, Outram"
9,Otago Central,Maungatua,Public School,"The Public School, Maungatua"
9,Otago Central,Berwick,Public School,"The Public School, Berwick"
9,Otago Central,Middlemarch,Courthouse,"The Courthouse, Middlemarch"
9,Otago Central,Hindon,Public School,"The Public School, Hindon"
9,Otago Central,Lee Stream,Other,"John Dean’s House, Lee Stream"
9,Otago Central,Henley,Public School,"The Public School, Henley"
9,Otago Central,Momona,Public School,"The Public School, Momona"
9,Otago Central,Woodside,Public School,"The Public School, Woodside"
9,Otago Central,Hindon Railway-station,Other,"The Ladies’ Waiting-room, Hindon Railway-station"
9,Otago Central,Sutton,Public School,"The Public School, Sutton"
9,Otago Central,Hyde,Courthouse,"The Courthouse, Hyde"
9,Otago Central,Ngapuna,Public School,"The Public School, Ngapuna"
9,Otago Central,Moa Creek,Other,"The Tin Shed, Halliday’s Flat, Moa Creek"
9,Otago Central,Otokia,Other,"The ‘Taieri County Hut, Otokia"
9,Dunedin North,North-east Valley,Other,"Jouncil Chambers, North-east Valley"
9,Dunedin North,Woodhaugh,Hall,"The Mission Hall, Woodhaugh"
9,Dunedin North,Opohbo,Hall,"The Mission Hall, Opohbo"
9,Dunedin West,Roslyn,Council Chambers,"The Council Chambers, Roslyn"
9,Dunedin Central,Dowling Street,Other,"The King’s Theatre, Dowling Street (principal)"
9,Dunedin Central,Caversham,Other,"The Odd Fellows’ Hall, David Strect, Caversham"
9,Dunedin Central,St,Hall,"The Presbyterian Sunday-school Hall, St"
9,Dunedin Central,Port Chalmers,Hall,"The Garrison Hall, Port Chalmers (principal)"
9,Dunedin Central,Sawycr’s Bay,Public School,"The Public School, Sawycr’s Bay"
9,Dunedin Central,Anderson’s Bay,School,"The Presbyterian School Hall, Anderson’s Bay"
9,Dunedin Central,Highcliffe,School,"The Pubbe School, Highcliffe"
9,Dunedin Central,Broad Bay,Public School,"The Public School, Broad Bay"
9,Dunedin Central,Hooper’s Inlet,Public School,"The Public School, Hooper’s Inlet"
9,Dunedin Central,North-east Hurbour,Public School,"The Public School, North-east Hurbour"
9,Dunedin Central,Purakanui,School,"The Publie School, Purakanui"
9,Dunedin Central,Lower Harbour,Public School,"The Public School, Lower Harbour (Port Chalmers)"
9,Dunedin Central,Deborah Bay,Other,"The Barracks, Deborah Bay (Port Chalmers)"
9,Dunedin Central,Reynoldstown (Port Chal,Other,"Donald Munro’s House, Reynoldstown (Port Chal"
9,Dunedin Central,Mosgiel,Hall,"The Coronation Hall, Mosgiel"
9,Dunedin Central,Fairfield,Public School,"The Public School, Fairfield"
9,Dunedin Central,Brighton,Public School,"The Public School, Brighton"
9,Dunedin Central,Otokia,Public School,"The Public School, Otokia"
9,Dunedin Central,Allanton,Public School,"The Public School, Allanton"
9,Dunedin Central,Kuri Bush,Public School,"The Public School, Kuri Bush"
9,Dunedin Central,Henley,Public Hall,"The Public Hall, Henley"
9,Dunedin Central,East Taieri,Other,"Riccarton Hall, East Taieri"
9,Dunedin Central,Hali-way Bush,Other,"The Polling-booth, Laing’s, Hali-way Bush"
9,Dunedin Central,Wylic’s Crossing,Public School,"The Public School, Wylic’s Crossing"
9,Wakatipu,Queenstown,Courthouse,"The Courthouse, Queenstown. (principal)"
9,Wakatipu,Moke Creck,Other,"John and Matthew Seffer’s House, Moke Creck"
9,Wakatipu,Skipper’s,Library,"The Library, Skipper’s"
9,Wakatipu,Cardrona,School,"The Publie School, Cardrona"
9,Wakatipu,Arrowtown,Other,"Vhe Courthouse, Arrowtown"
9,Wakatipu,Cromwell,Courthouse,"The Courthouse, Cromwell"
9,Wakatipu,Bannockburn,Hall,"The Atheneum, Bannockburn"
9,Wakatipu,Nevis,Library,"The Library, Nevis"
9,Wakatipu,Gibbston,Public School,"The Public School, Gibbston"
9,Wakatipu,Glenorchy,Public School,"The Public School, Glenorchy"
9,Wakatipu,Garston,Public School,"The Public School, Garston"
9,Wakatipu,Pembroke,Public School,"The Public School, Pembroke"
9,Wakatipu,Glenavy Station,Other,"George Pinchney’s House, Glenavy Station"
9,Wakatipu,Kingston,Other,"William Quinn’s House, Kingston"
9,Wakatipu,Lowburn,Public School,"The Public School, Lowburn"
9,Wakatipu,Makarora,Public School,"The Public School, Makarora"
9,Wakatipu,Nokomai,Public School,"The Public School, Nokomai"
9,Wakatipu,Otama,Public School,"The Public School, Otama"
9,Wakatipu,Sandhills,Other,"James Harber’s House, Sandhills"
9,Wakatipu,Waikaia,Courthouse,"The Courthouse, Waikaia"
9,Wakatipu,Wendon,Public School,"The Public School, Wendon"
9,Wakatipu,Luggate,Public School,"The Public School, Luggate"
9,Wakatipu,Mandeville,Public Hall,"The Public Hall, Mandeville"
9,Wakatipu,Maori Point,Other,"Egbert Sainsbury’s, jun., House, Maori Point"
9,Wakatipu,Winding Creek,Other,"John Shanks’s House, Break-’em-all, Winding Creek"
9,Wakatipu,Kawarau Falls,Other,"The Polling-booth, Kawarau Falls"
9,Wakatipu,Greenvale,Public School,"The Public School, Greenvale"
9,Wakatipu,Arrowbridge,Other,"William Clarke’s, jun., House, Arrowbridge"
9,Wakatipu,Athol,Public School,"The Public School, Athol"
9,Wakatipu,Balfour,Public School,"The Public School, Balfour"
9,Wakatipu,Hiwiroa,Public School,"The Public School, Hiwiroa (Longridge North)"
10,Wakatipu,Lumsden,Public Hall,"The Public Hall, Lumsden"
10,Wakatipu,Waikaka,Public Hall,"The Public Hall, Waikaka"
10,Wakatipu,Waitiri,Other,"John Henderson’s House, Waitiri"
10,Wakatipu,Tarras,Public School,"The Public School, Tarras"
10,Wakatipu,Arthur’s Point,Hall,"The Mission Hall, Arthur’s Point"
10,Wakatipu,Knapdale,Public School,"The Public School, Knapdale"
10,Wakatipu,cl yde,Courthouse,"The Courthouse, cl yde"
10,Wakatipu,*Earnsclough Flat,Public School,"The Public School, *Earnsclough Flat"
10,Wakatipu,Croydon Bush,Other,"George Biggar’s House, Croydon Bush"
10,Wallace,Riverton,Courthouse,"The Courthouse, Riverton (principal)"
10,Wallace,Otautau,Other,"Tho Courthouse, Otautau"
10,Wallace,Orepuki,Courthouse,"The Courthouse, Orepuki"
10,Wallace,Nightcaps,Public School,"The Public School, Nightcaps"
10,Wallace,Fairfax,Public School,"The Public School, Fairfax"
10,Wallace,Orawia,Public School,"The Public School, Orawia"
10,Wallace,Waimatuku,Public School,"The Public School, Waimatuku"
10,Wallace,Drummond,Public School,"The Public School, Drummond"
10,Wallace,Colac Bay,Public School,"The Public School, Colac Bay"
10,Wallace,Wairio,Public School,"The Public School, Wairio"
10,Wallace,Paiha,Public School,"The Public School, Paiha"
10,Wallace,Gummie’s Bush,Public School,"The Public School, Gummie’s Bush"
10,Wallace,Te Waewac,Other,"Tho Public School, Te Waewac"
10,Wallace,Te Tua,Public School,"The Public School, Te Tua"
10,Wallace,Tuatapere,Public School,"The Public School, Tuatapere"
10,Wallace,Aparima,Public School,"The Public School, Aparima"
10,Wallace,Scott’s Gap,Public School,"The Public School, Scott’s Gap"
10,Wallace,Tihaka,Public School,"The Public School, Tihaka"
10,Wallace,Pourakino,Other,"Traili Bros. and Smythies” s Hall, Pourakino"
10,Wallace,Mossburn,Public School,"The Public School, Mossburn"
10,Wallace,Calcium,Public School,"The Public School, Calcium"
10,Wallace,Holmsdale,Public School,"The Public School, Holmsdale"
10,Wallace,Riverside,Public School,"The Public School, Riverside"
10,Wallace,Birchwood,Public School,"The Public School, Birchwood"
10,Wallace,Waihoaka,Public School,"The Public School, Waihoaka"
10,Wallace,Wild Bush,Public School,"The Public School, Wild Bush"
10,Wallace,Waikoura,Public School,"The Public School, Waikoura"
10,Wallace,Opio,Public School,"The Public School, Opio"
10,Wallace,Clifden,Public School,"The Public School, Clifden"
10,Wallace,Caroline,Public School,"The Public School, Caroline"
10,Wallace,Wrey’ s Bush,Public Hall,"The Public Hall, Wrey’ s Bush"
10,Wallace,Lilburn,Public School,"The Public School, Lilburn"
10,Wallace,Mararoa,Other,"The Plains Station Wool-shed, Mararoa"
10,Wallace,Feldwick,Public School,"The Public School, Feldwick"
10,Wallace,Mangapiri,Other,"Belmont Wool-shed, Mangapiri"
10,Wallace,Te Oneroa,Other,"Morning Star Company’s Old Store, Te Oneroa"
10,Wallace,Kauana,Other,"Charles Shand’s Hduse, Kauana"
10,Wallace,Gladfield,Public School,"The Public School, Gladfield"
10,Wallace,Wairaki,Public School,"The Public School, Wairaki"
10,Wallace,Ermedale,Public School,"The Public School, Ermedale"
10,Awarua,Winton,Council Chambers,"The Council Chambers, Winton (principal)"
10,Awarua,Campbelltown,Courthouse,"The Courthouse, Campbelltown"
10,Awarua,Waianiwa,Public School,"The Public School, Waianiwa"
10,Awarua,Spar Bush,Public School,"The Public School, Spar Bush"
10,Awarua,Ryal Bush,Public School,"The Public School, Ryal Bush"
10,Awarua,Hokonui,Public School,"The Public School, Hokonui"
10,Awarua,Limehills,Public School,"The Public School, Limehills"
10,Awarua,Stewart Island,Public School,"The Public School, Half-moon Bay, Stewart Island"
10,Awarua,Wright’s Bush,Public Hall,"The Public Hall, Wright’s Bush"
10,Awarua,Waikiwi,Public School,"The Public School, Waikiwi"
10,Awarua,Brown’s,Public School,"The Public School, Brown’s"
10,Awarua,Tisbury,Public School,"The Public School, Tisbury"
10,Awarua,Taramoa,Public School,"The Public School, Taramoa"
10,Awarua,Otapiri Gorge,Public School,"The Public School, Otapiri Gorge (Matai)"
